{"cameraMode":{"drawMode":0,"name":"Shaded","section":"Shading Mode"},"sceneLighting":false,"audioPlay":false,"sceneViewState":{"showFog":false,"showMaterialUpdate":true,"showSkybox":true,"showFlares":true,"showImageEffects":false,"showParticleSystems":true},"in2DMode":false,"pivot":{"x":1.225651502609253,"y":-6.235657691955566,"z":13.240381240844727},"rotation":{"x":-0.10798542946577072,"y":0.04531453922390938,"z":-0.00492682121694088,"w":-0.9931075572967529},"size":55.70380401611328,"orthographic":false}